product_id,buy_summary_id,sell_summary_id,quick_status_id
BROWN_MUSHROOM,BROWN_MUSHROOM_B,BROWN_MUSHROOM_S,BROWN_MUSHROOM_Q
INK_SACK:3,INK_SACK:3_B,INK_SACK:3_S,INK_SACK:3_Q
INK_SACK:4,INK_SACK:4_B,INK_SACK:4_S,INK_SACK:4_Q
TARANTULA_WEB,TARANTULA_WEB_B,TARANTULA_WEB_S,TARANTULA_WEB_Q
CARROT_ITEM,CARROT_ITEM_B,CARROT_ITEM_S,CARROT_ITEM_Q
ENCHANTED_POTATO,ENCHANTED_POTATO_B,ENCHANTED_POTATO_S,ENCHANTED_POTATO_Q
ENCHANTED_SLIME_BALL,ENCHANTED_SLIME_BALL_B,ENCHANTED_SLIME_BALL_S,ENCHANTED_SLIME_BALL_Q
ENCHANTED_RED_MUSHROOM,ENCHANTED_RED_MUSHROOM_B,ENCHANTED_RED_MUSHROOM_S,ENCHANTED_RED_MUSHROOM_Q
ENCHANTED_GOLDEN_CARROT,ENCHANTED_GOLDEN_CARROT_B,ENCHANTED_GOLDEN_CARROT_S,ENCHANTED_GOLDEN_CARROT_Q
ENCHANTED_RABBIT_HIDE,ENCHANTED_RABBIT_HIDE_B,ENCHANTED_RABBIT_HIDE_S,ENCHANTED_RABBIT_HIDE_Q
ENCHANTED_BIRCH_LOG,ENCHANTED_BIRCH_LOG_B,ENCHANTED_BIRCH_LOG_S,ENCHANTED_BIRCH_LOG_Q
ENCHANTED_GUNPOWDER,ENCHANTED_GUNPOWDER_B,ENCHANTED_GUNPOWDER_S,ENCHANTED_GUNPOWDER_Q
ENCHANTED_MELON,ENCHANTED_MELON_B,ENCHANTED_MELON_S,ENCHANTED_MELON_Q
ENCHANTED_SUGAR,ENCHANTED_SUGAR_B,ENCHANTED_SUGAR_S,ENCHANTED_SUGAR_Q
CACTUS,CACTUS_B,CACTUS_S,CACTUS_Q
ENCHANTED_BLAZE_ROD,ENCHANTED_BLAZE_ROD_B,ENCHANTED_BLAZE_ROD_S,ENCHANTED_BLAZE_ROD_Q
ENCHANTED_CAKE,ENCHANTED_CAKE_B,ENCHANTED_CAKE_S,ENCHANTED_CAKE_Q
PUMPKIN,PUMPKIN_B,PUMPKIN_S,PUMPKIN_Q
ENCHANTED_BROWN_MUSHROOM,ENCHANTED_BROWN_MUSHROOM_B,ENCHANTED_BROWN_MUSHROOM_S,ENCHANTED_BROWN_MUSHROOM_Q
WHEAT,WHEAT_B,WHEAT_S,WHEAT_Q
ENCHANTED_RAW_SALMON,ENCHANTED_RAW_SALMON_B,ENCHANTED_RAW_SALMON_S,ENCHANTED_RAW_SALMON_Q
ENCHANTED_GLISTERING_MELON,ENCHANTED_GLISTERING_MELON_B,ENCHANTED_GLISTERING_MELON_S,ENCHANTED_GLISTERING_MELON_Q
PRISMARINE_SHARD,PRISMARINE_SHARD_B,PRISMARINE_SHARD_S,PRISMARINE_SHARD_Q
PROTECTOR_FRAGMENT,PROTECTOR_FRAGMENT_B,PROTECTOR_FRAGMENT_S,PROTECTOR_FRAGMENT_Q
ENCHANTED_EMERALD,ENCHANTED_EMERALD_B,ENCHANTED_EMERALD_S,ENCHANTED_EMERALD_Q
ENCHANTED_SPIDER_EYE,ENCHANTED_SPIDER_EYE_B,ENCHANTED_SPIDER_EYE_S,ENCHANTED_SPIDER_EYE_Q
RED_MUSHROOM,RED_MUSHROOM_B,RED_MUSHROOM_S,RED_MUSHROOM_Q
ENCHANTED_MELON_BLOCK,ENCHANTED_MELON_BLOCK_B,ENCHANTED_MELON_BLOCK_S,ENCHANTED_MELON_BLOCK_Q
MUTTON,MUTTON_B,MUTTON_S,MUTTON_Q
WISE_FRAGMENT,WISE_FRAGMENT_B,WISE_FRAGMENT_S,WISE_FRAGMENT_Q
DIAMOND,DIAMOND_B,DIAMOND_S,DIAMOND_Q
COBBLESTONE,COBBLESTONE_B,COBBLESTONE_S,COBBLESTONE_Q
SPIDER_EYE,SPIDER_EYE_B,SPIDER_EYE_S,SPIDER_EYE_Q
RAW_FISH,RAW_FISH_B,RAW_FISH_S,RAW_FISH_Q
ENCHANTED_PUFFERFISH,ENCHANTED_PUFFERFISH_B,ENCHANTED_PUFFERFISH_S,ENCHANTED_PUFFERFISH_Q
POTATO_ITEM,POTATO_ITEM_B,POTATO_ITEM_S,POTATO_ITEM_Q
ENCHANTED_HUGE_MUSHROOM_1,ENCHANTED_HUGE_MUSHROOM_1_B,ENCHANTED_HUGE_MUSHROOM_1_S,ENCHANTED_HUGE_MUSHROOM_1_Q
ENCHANTED_COBBLESTONE,ENCHANTED_COBBLESTONE_B,ENCHANTED_COBBLESTONE_S,ENCHANTED_COBBLESTONE_Q
ENCHANTED_HUGE_MUSHROOM_2,ENCHANTED_HUGE_MUSHROOM_2_B,ENCHANTED_HUGE_MUSHROOM_2_S,ENCHANTED_HUGE_MUSHROOM_2_Q
PORK,PORK_B,PORK_S,PORK_Q
PRISMARINE_CRYSTALS,PRISMARINE_CRYSTALS_B,PRISMARINE_CRYSTALS_S,PRISMARINE_CRYSTALS_Q
ICE,ICE_B,ICE_S,ICE_Q
HUGE_MUSHROOM_1,HUGE_MUSHROOM_1_B,HUGE_MUSHROOM_1_S,HUGE_MUSHROOM_1_Q
HUGE_MUSHROOM_2,HUGE_MUSHROOM_2_B,HUGE_MUSHROOM_2_S,HUGE_MUSHROOM_2_Q
ICE_BAIT,ICE_BAIT_B,ICE_BAIT_S,ICE_BAIT_Q
LOG_2:1,LOG_2:1_B,LOG_2:1_S,LOG_2:1_Q
ENCHANTED_SNOW_BLOCK,ENCHANTED_SNOW_BLOCK_B,ENCHANTED_SNOW_BLOCK_S,ENCHANTED_SNOW_BLOCK_Q
STRING,STRING_B,STRING_S,STRING_Q
GOLDEN_TOOTH,GOLDEN_TOOTH_B,GOLDEN_TOOTH_S,GOLDEN_TOOTH_Q
RABBIT_FOOT,RABBIT_FOOT_B,RABBIT_FOOT_S,RABBIT_FOOT_Q
REDSTONE,REDSTONE_B,REDSTONE_S,REDSTONE_Q
ENCHANTED_CACTUS_GREEN,ENCHANTED_CACTUS_GREEN_B,ENCHANTED_CACTUS_GREEN_S,ENCHANTED_CACTUS_GREEN_Q
ENCHANTED_LAPIS_LAZULI_BLOCK,ENCHANTED_LAPIS_LAZULI_BLOCK_B,ENCHANTED_LAPIS_LAZULI_BLOCK_S,ENCHANTED_LAPIS_LAZULI_BLOCK_Q
ENCHANTED_COOKIE,ENCHANTED_COOKIE_B,ENCHANTED_COOKIE_S,ENCHANTED_COOKIE_Q
ENCHANTED_ENDSTONE,ENCHANTED_ENDSTONE_B,ENCHANTED_ENDSTONE_S,ENCHANTED_ENDSTONE_Q
ENCHANTED_SAND,ENCHANTED_SAND_B,ENCHANTED_SAND_S,ENCHANTED_SAND_Q
ENCHANTED_STRING,ENCHANTED_STRING_B,ENCHANTED_STRING_S,ENCHANTED_STRING_Q
STRONG_FRAGMENT,STRONG_FRAGMENT_B,STRONG_FRAGMENT_S,STRONG_FRAGMENT_Q
SLIME_BALL,SLIME_BALL_B,SLIME_BALL_S,SLIME_BALL_Q
ENCHANTED_ACACIA_LOG,ENCHANTED_ACACIA_LOG_B,ENCHANTED_ACACIA_LOG_S,ENCHANTED_ACACIA_LOG_Q
SNOW_BALL,SNOW_BALL_B,SNOW_BALL_S,SNOW_BALL_Q
HOLY_FRAGMENT,HOLY_FRAGMENT_B,HOLY_FRAGMENT_S,HOLY_FRAGMENT_Q
ENCHANTED_EGG,ENCHANTED_EGG_B,ENCHANTED_EGG_S,ENCHANTED_EGG_Q
SAND,SAND_B,SAND_S,SAND_Q
RAW_CHICKEN,RAW_CHICKEN_B,RAW_CHICKEN_S,RAW_CHICKEN_Q
ENCHANTED_LAPIS_LAZULI,ENCHANTED_LAPIS_LAZULI_B,ENCHANTED_LAPIS_LAZULI_S,ENCHANTED_LAPIS_LAZULI_Q
ENCHANTED_GHAST_TEAR,ENCHANTED_GHAST_TEAR_B,ENCHANTED_GHAST_TEAR_S,ENCHANTED_GHAST_TEAR_Q
ENCHANTED_COCOA,ENCHANTED_COCOA_B,ENCHANTED_COCOA_S,ENCHANTED_COCOA_Q
CARROT_BAIT,CARROT_BAIT_B,CARROT_BAIT_S,CARROT_BAIT_Q
SEEDS,SEEDS_B,SEEDS_S,SEEDS_Q
ENCHANTED_LEATHER,ENCHANTED_LEATHER_B,ENCHANTED_LEATHER_S,ENCHANTED_LEATHER_Q
ENCHANTED_SPONGE,ENCHANTED_SPONGE_B,ENCHANTED_SPONGE_S,ENCHANTED_SPONGE_Q
HAY_BLOCK,HAY_BLOCK_B,HAY_BLOCK_S,HAY_BLOCK_Q
INK_SACK,INK_SACK_B,INK_SACK_S,INK_SACK_Q
FLINT,FLINT_B,FLINT_S,FLINT_Q
ENCHANTED_ROTTEN_FLESH,ENCHANTED_ROTTEN_FLESH_B,ENCHANTED_ROTTEN_FLESH_S,ENCHANTED_ROTTEN_FLESH_Q
ENCHANTED_SPRUCE_LOG,ENCHANTED_SPRUCE_LOG_B,ENCHANTED_SPRUCE_LOG_S,ENCHANTED_SPRUCE_LOG_Q
WOLF_TOOTH,WOLF_TOOTH_B,WOLF_TOOTH_S,WOLF_TOOTH_Q
ENCHANTED_GRILLED_PORK,ENCHANTED_GRILLED_PORK_B,ENCHANTED_GRILLED_PORK_S,ENCHANTED_GRILLED_PORK_Q
ENCHANTED_NETHER_STALK,ENCHANTED_NETHER_STALK_B,ENCHANTED_NETHER_STALK_S,ENCHANTED_NETHER_STALK_Q
ENCHANTED_REDSTONE_BLOCK,ENCHANTED_REDSTONE_BLOCK_B,ENCHANTED_REDSTONE_BLOCK_S,ENCHANTED_REDSTONE_BLOCK_Q
ENCHANTED_QUARTZ_BLOCK,ENCHANTED_QUARTZ_BLOCK_B,ENCHANTED_QUARTZ_BLOCK_S,ENCHANTED_QUARTZ_BLOCK_Q
GREEN_CANDY,GREEN_CANDY_B,GREEN_CANDY_S,GREEN_CANDY_Q
ENCHANTED_REDSTONE,ENCHANTED_REDSTONE_B,ENCHANTED_REDSTONE_S,ENCHANTED_REDSTONE_Q
ENCHANTED_REDSTONE_LAMP,ENCHANTED_REDSTONE_LAMP_B,ENCHANTED_REDSTONE_LAMP_S,ENCHANTED_REDSTONE_LAMP_Q
GRAVEL,GRAVEL_B,GRAVEL_S,GRAVEL_Q
MELON,MELON_B,MELON_S,MELON_Q
ENCHANTED_PACKED_ICE,ENCHANTED_PACKED_ICE_B,ENCHANTED_PACKED_ICE_S,ENCHANTED_PACKED_ICE_Q
ENCHANTED_LAVA_BUCKET,ENCHANTED_LAVA_BUCKET_B,ENCHANTED_LAVA_BUCKET_S,ENCHANTED_LAVA_BUCKET_Q
RAW_FISH:3,RAW_FISH:3_B,RAW_FISH:3_S,RAW_FISH:3_Q
ENCHANTED_PRISMARINE_SHARD,ENCHANTED_PRISMARINE_SHARD_B,ENCHANTED_PRISMARINE_SHARD_S,ENCHANTED_PRISMARINE_SHARD_Q
ENCHANTED_IRON_BLOCK,ENCHANTED_IRON_BLOCK_B,ENCHANTED_IRON_BLOCK_S,ENCHANTED_IRON_BLOCK_Q
ENCHANTED_CARROT_STICK,ENCHANTED_CARROT_STICK_B,ENCHANTED_CARROT_STICK_S,ENCHANTED_CARROT_STICK_Q
RECOMBOBULATOR_3000,RECOMBOBULATOR_3000_B,RECOMBOBULATOR_3000_S,RECOMBOBULATOR_3000_Q
BONE,BONE_B,BONE_S,BONE_Q
RAW_FISH:2,RAW_FISH:2_B,RAW_FISH:2_S,RAW_FISH:2_Q
RAW_FISH:1,RAW_FISH:1_B,RAW_FISH:1_S,RAW_FISH:1_Q
REVENANT_FLESH,REVENANT_FLESH_B,REVENANT_FLESH_S,REVENANT_FLESH_Q
ENCHANTED_GLOWSTONE,ENCHANTED_GLOWSTONE_B,ENCHANTED_GLOWSTONE_S,ENCHANTED_GLOWSTONE_Q
ENCHANTED_PORK,ENCHANTED_PORK_B,ENCHANTED_PORK_S,ENCHANTED_PORK_Q
FEATHER,FEATHER_B,FEATHER_S,FEATHER_Q
WHALE_BAIT,WHALE_BAIT_B,WHALE_BAIT_S,WHALE_BAIT_Q
NETHERRACK,NETHERRACK_B,NETHERRACK_S,NETHERRACK_Q
SPONGE,SPONGE_B,SPONGE_S,SPONGE_Q
BLAZE_ROD,BLAZE_ROD_B,BLAZE_ROD_S,BLAZE_ROD_Q
ENCHANTED_DARK_OAK_LOG,ENCHANTED_DARK_OAK_LOG_B,ENCHANTED_DARK_OAK_LOG_S,ENCHANTED_DARK_OAK_LOG_Q
YOUNG_FRAGMENT,YOUNG_FRAGMENT_B,YOUNG_FRAGMENT_S,YOUNG_FRAGMENT_Q
ENCHANTED_CLOWNFISH,ENCHANTED_CLOWNFISH_B,ENCHANTED_CLOWNFISH_S,ENCHANTED_CLOWNFISH_Q
ENCHANTED_GOLD,ENCHANTED_GOLD_B,ENCHANTED_GOLD_S,ENCHANTED_GOLD_Q
ENCHANTED_RAW_CHICKEN,ENCHANTED_RAW_CHICKEN_B,ENCHANTED_RAW_CHICKEN_S,ENCHANTED_RAW_CHICKEN_Q
ENCHANTED_WATER_LILY,ENCHANTED_WATER_LILY_B,ENCHANTED_WATER_LILY_S,ENCHANTED_WATER_LILY_Q
LOG:1,LOG:1_B,LOG:1_S,LOG:1_Q
CATALYST,CATALYST_B,CATALYST_S,CATALYST_Q
LOG:3,LOG:3_B,LOG:3_S,LOG:3_Q
LOG:2,LOG:2_B,LOG:2_S,LOG:2_Q
BLESSED_BAIT,BLESSED_BAIT_B,BLESSED_BAIT_S,BLESSED_BAIT_Q
ENCHANTED_GLOWSTONE_DUST,ENCHANTED_GLOWSTONE_DUST_B,ENCHANTED_GLOWSTONE_DUST_S,ENCHANTED_GLOWSTONE_DUST_Q
ENCHANTED_INK_SACK,ENCHANTED_INK_SACK_B,ENCHANTED_INK_SACK_S,ENCHANTED_INK_SACK_Q
ENCHANTED_CACTUS,ENCHANTED_CACTUS_B,ENCHANTED_CACTUS_S,ENCHANTED_CACTUS_Q
ENCHANTED_SUGAR_CANE,ENCHANTED_SUGAR_CANE_B,ENCHANTED_SUGAR_CANE_S,ENCHANTED_SUGAR_CANE_Q
ENCHANTED_COOKED_SALMON,ENCHANTED_COOKED_SALMON_B,ENCHANTED_COOKED_SALMON_S,ENCHANTED_COOKED_SALMON_Q
ENCHANTED_SEEDS,ENCHANTED_SEEDS_B,ENCHANTED_SEEDS_S,ENCHANTED_SEEDS_Q
LOG,LOG_B,LOG_S,LOG_Q
GHAST_TEAR,GHAST_TEAR_B,GHAST_TEAR_S,GHAST_TEAR_Q
UNSTABLE_FRAGMENT,UNSTABLE_FRAGMENT_B,UNSTABLE_FRAGMENT_S,UNSTABLE_FRAGMENT_Q
ENCHANTED_ENDER_PEARL,ENCHANTED_ENDER_PEARL_B,ENCHANTED_ENDER_PEARL_S,ENCHANTED_ENDER_PEARL_Q
PURPLE_CANDY,PURPLE_CANDY_B,PURPLE_CANDY_S,PURPLE_CANDY_Q
ENCHANTED_FERMENTED_SPIDER_EYE,ENCHANTED_FERMENTED_SPIDER_EYE_B,ENCHANTED_FERMENTED_SPIDER_EYE_S,ENCHANTED_FERMENTED_SPIDER_EYE_Q
SPIKED_BAIT,SPIKED_BAIT_B,SPIKED_BAIT_S,SPIKED_BAIT_Q
ENCHANTED_GOLD_BLOCK,ENCHANTED_GOLD_BLOCK_B,ENCHANTED_GOLD_BLOCK_S,ENCHANTED_GOLD_BLOCK_Q
ENCHANTED_JUNGLE_LOG,ENCHANTED_JUNGLE_LOG_B,ENCHANTED_JUNGLE_LOG_S,ENCHANTED_JUNGLE_LOG_Q
ENCHANTED_FLINT,ENCHANTED_FLINT_B,ENCHANTED_FLINT_S,ENCHANTED_FLINT_Q
IRON_INGOT,IRON_INGOT_B,IRON_INGOT_S,IRON_INGOT_Q
ENCHANTED_EMERALD_BLOCK,ENCHANTED_EMERALD_BLOCK_B,ENCHANTED_EMERALD_BLOCK_S,ENCHANTED_EMERALD_BLOCK_Q
ENCHANTED_CLAY_BALL,ENCHANTED_CLAY_BALL_B,ENCHANTED_CLAY_BALL_S,ENCHANTED_CLAY_BALL_Q
GLOWSTONE_DUST,GLOWSTONE_DUST_B,GLOWSTONE_DUST_S,GLOWSTONE_DUST_Q
GOLD_INGOT,GOLD_INGOT_B,GOLD_INGOT_S,GOLD_INGOT_Q
REVENANT_VISCERA,REVENANT_VISCERA_B,REVENANT_VISCERA_S,REVENANT_VISCERA_Q
TARANTULA_SILK,TARANTULA_SILK_B,TARANTULA_SILK_S,TARANTULA_SILK_Q
ENCHANTED_MUTTON,ENCHANTED_MUTTON_B,ENCHANTED_MUTTON_S,ENCHANTED_MUTTON_Q
ENCHANTED_IRON,ENCHANTED_IRON_B,ENCHANTED_IRON_S,ENCHANTED_IRON_Q
SUPER_EGG,SUPER_EGG_B,SUPER_EGG_S,SUPER_EGG_Q
SUPER_COMPACTOR_3000,SUPER_COMPACTOR_3000_B,SUPER_COMPACTOR_3000_S,SUPER_COMPACTOR_3000_Q
STOCK_OF_STONKS,STOCK_OF_STONKS_B,STOCK_OF_STONKS_S,STOCK_OF_STONKS_Q
ENCHANTED_HAY_BLOCK,ENCHANTED_HAY_BLOCK_B,ENCHANTED_HAY_BLOCK_S,ENCHANTED_HAY_BLOCK_Q
ENCHANTED_PAPER,ENCHANTED_PAPER_B,ENCHANTED_PAPER_S,ENCHANTED_PAPER_Q
ENCHANTED_BONE,ENCHANTED_BONE_B,ENCHANTED_BONE_S,ENCHANTED_BONE_Q
ENCHANTED_DIAMOND_BLOCK,ENCHANTED_DIAMOND_BLOCK_B,ENCHANTED_DIAMOND_BLOCK_S,ENCHANTED_DIAMOND_BLOCK_Q
SPOOKY_BAIT,SPOOKY_BAIT_B,SPOOKY_BAIT_S,SPOOKY_BAIT_Q
SUPERIOR_FRAGMENT,SUPERIOR_FRAGMENT_B,SUPERIOR_FRAGMENT_S,SUPERIOR_FRAGMENT_Q
EMERALD,EMERALD_B,EMERALD_S,EMERALD_Q
ENCHANTED_RABBIT_FOOT,ENCHANTED_RABBIT_FOOT_B,ENCHANTED_RABBIT_FOOT_S,ENCHANTED_RABBIT_FOOT_Q
LIGHT_BAIT,LIGHT_BAIT_B,LIGHT_BAIT_S,LIGHT_BAIT_Q
HOT_POTATO_BOOK,HOT_POTATO_BOOK_B,HOT_POTATO_BOOK_S,HOT_POTATO_BOOK_Q
ENCHANTED_ICE,ENCHANTED_ICE_B,ENCHANTED_ICE_S,ENCHANTED_ICE_Q
CLAY_BALL,CLAY_BALL_B,CLAY_BALL_S,CLAY_BALL_Q
OLD_FRAGMENT,OLD_FRAGMENT_B,OLD_FRAGMENT_S,OLD_FRAGMENT_Q
GREEN_GIFT,GREEN_GIFT_B,GREEN_GIFT_S,GREEN_GIFT_Q
PACKED_ICE,PACKED_ICE_B,PACKED_ICE_S,PACKED_ICE_Q
WATER_LILY,WATER_LILY_B,WATER_LILY_S,WATER_LILY_Q
LOG_2,LOG_2_B,LOG_2_S,LOG_2_Q
HAMSTER_WHEEL,HAMSTER_WHEEL_B,HAMSTER_WHEEL_S,HAMSTER_WHEEL_Q
ENCHANTED_OBSIDIAN,ENCHANTED_OBSIDIAN_B,ENCHANTED_OBSIDIAN_S,ENCHANTED_OBSIDIAN_Q
ENCHANTED_COAL,ENCHANTED_COAL_B,ENCHANTED_COAL_S,ENCHANTED_COAL_Q
COAL,COAL_B,COAL_S,COAL_Q
ENCHANTED_QUARTZ,ENCHANTED_QUARTZ_B,ENCHANTED_QUARTZ_S,ENCHANTED_QUARTZ_Q
ENDER_PEARL,ENDER_PEARL_B,ENDER_PEARL_S,ENDER_PEARL_Q
ENCHANTED_COAL_BLOCK,ENCHANTED_COAL_BLOCK_B,ENCHANTED_COAL_BLOCK_S,ENCHANTED_COAL_BLOCK_Q
ENCHANTED_PRISMARINE_CRYSTALS,ENCHANTED_PRISMARINE_CRYSTALS_B,ENCHANTED_PRISMARINE_CRYSTALS_S,ENCHANTED_PRISMARINE_CRYSTALS_Q
ENCHANTED_WET_SPONGE,ENCHANTED_WET_SPONGE_B,ENCHANTED_WET_SPONGE_S,ENCHANTED_WET_SPONGE_Q
ENDER_STONE,ENDER_STONE_B,ENDER_STONE_S,ENDER_STONE_Q
ENCHANTED_RAW_FISH,ENCHANTED_RAW_FISH_B,ENCHANTED_RAW_FISH_S,ENCHANTED_RAW_FISH_Q
QUARTZ,QUARTZ_B,QUARTZ_S,QUARTZ_Q
FOUL_FLESH,FOUL_FLESH_B,FOUL_FLESH_S,FOUL_FLESH_Q
RAW_BEEF,RAW_BEEF_B,RAW_BEEF_S,RAW_BEEF_Q
ENCHANTED_EYE_OF_ENDER,ENCHANTED_EYE_OF_ENDER_B,ENCHANTED_EYE_OF_ENDER_S,ENCHANTED_EYE_OF_ENDER_Q
MAGMA_CREAM,MAGMA_CREAM_B,MAGMA_CREAM_S,MAGMA_CREAM_Q
SUGAR_CANE,SUGAR_CANE_B,SUGAR_CANE_S,SUGAR_CANE_Q
RED_GIFT,RED_GIFT_B,RED_GIFT_S,RED_GIFT_Q
ENCHANTED_RAW_BEEF,ENCHANTED_RAW_BEEF_B,ENCHANTED_RAW_BEEF_S,ENCHANTED_RAW_BEEF_Q
ENCHANTED_FEATHER,ENCHANTED_FEATHER_B,ENCHANTED_FEATHER_S,ENCHANTED_FEATHER_Q
ENCHANTED_SLIME_BLOCK,ENCHANTED_SLIME_BLOCK_B,ENCHANTED_SLIME_BLOCK_S,ENCHANTED_SLIME_BLOCK_Q
ENCHANTED_OAK_LOG,ENCHANTED_OAK_LOG_B,ENCHANTED_OAK_LOG_S,ENCHANTED_OAK_LOG_Q
RABBIT_HIDE,RABBIT_HIDE_B,RABBIT_HIDE_S,RABBIT_HIDE_Q
WHITE_GIFT,WHITE_GIFT_B,WHITE_GIFT_S,WHITE_GIFT_Q
SULPHUR,SULPHUR_B,SULPHUR_S,SULPHUR_Q
RABBIT,RABBIT_B,RABBIT_S,RABBIT_Q
NETHER_STALK,NETHER_STALK_B,NETHER_STALK_S,NETHER_STALK_Q
DARK_BAIT,DARK_BAIT_B,DARK_BAIT_S,DARK_BAIT_Q
ENCHANTED_CARROT,ENCHANTED_CARROT_B,ENCHANTED_CARROT_S,ENCHANTED_CARROT_Q
ENCHANTED_PUMPKIN,ENCHANTED_PUMPKIN_B,ENCHANTED_PUMPKIN_S,ENCHANTED_PUMPKIN_Q
ROTTEN_FLESH,ROTTEN_FLESH_B,ROTTEN_FLESH_S,ROTTEN_FLESH_Q
ENCHANTED_COOKED_FISH,ENCHANTED_COOKED_FISH_B,ENCHANTED_COOKED_FISH_S,ENCHANTED_COOKED_FISH_Q
OBSIDIAN,OBSIDIAN_B,OBSIDIAN_S,OBSIDIAN_Q
MINNOW_BAIT,MINNOW_BAIT_B,MINNOW_BAIT_S,MINNOW_BAIT_Q
ENCHANTED_MAGMA_CREAM,ENCHANTED_MAGMA_CREAM_B,ENCHANTED_MAGMA_CREAM_S,ENCHANTED_MAGMA_CREAM_Q
ENCHANTED_FIREWORK_ROCKET,ENCHANTED_FIREWORK_ROCKET_B,ENCHANTED_FIREWORK_ROCKET_S,ENCHANTED_FIREWORK_ROCKET_Q
LEATHER,LEATHER_B,LEATHER_S,LEATHER_Q
ENCHANTED_COOKED_MUTTON,ENCHANTED_COOKED_MUTTON_B,ENCHANTED_COOKED_MUTTON_S,ENCHANTED_COOKED_MUTTON_Q
ENCHANTED_RABBIT,ENCHANTED_RABBIT_B,ENCHANTED_RABBIT_S,ENCHANTED_RABBIT_Q
ENCHANTED_BREAD,ENCHANTED_BREAD_B,ENCHANTED_BREAD_S,ENCHANTED_BREAD_Q
FUMING_POTATO_BOOK,FUMING_POTATO_BOOK_B,FUMING_POTATO_BOOK_S,FUMING_POTATO_BOOK_Q
ENCHANTED_CHARCOAL,ENCHANTED_CHARCOAL_B,ENCHANTED_CHARCOAL_S,ENCHANTED_CHARCOAL_Q
ENCHANTED_BLAZE_POWDER,ENCHANTED_BLAZE_POWDER_B,ENCHANTED_BLAZE_POWDER_S,ENCHANTED_BLAZE_POWDER_Q
SUMMONING_EYE,SUMMONING_EYE_B,SUMMONING_EYE_S,SUMMONING_EYE_Q
FISH_BAIT,FISH_BAIT_B,FISH_BAIT_S,FISH_BAIT_Q
SNOW_BLOCK,SNOW_BLOCK_B,SNOW_BLOCK_S,SNOW_BLOCK_Q
ENCHANTED_BAKED_POTATO,ENCHANTED_BAKED_POTATO_B,ENCHANTED_BAKED_POTATO_S,ENCHANTED_BAKED_POTATO_Q
COMPACTOR,COMPACTOR_B,COMPACTOR_S,COMPACTOR_Q
ENCHANTED_DIAMOND,ENCHANTED_DIAMOND_B,ENCHANTED_DIAMOND_S,ENCHANTED_DIAMOND_Q
